GYEAR,PCODE,GAMENUM,PA,AB,BA,HIT,HR,TOTB,SLG,SF,BB,KK,IB,HP,GD,HIT_VEL,HIT_ANG_VER,len_barrel,barrel_per,OBP,OPS,barrel_per_pa,barrel_per_ab
2018,61102,132,465,425,0.29600000000000004,126,19,216,0.508,1,28,80,1,9,21,134.8322105263159,19.052631578947366,29.0,0.10175438596491228,0.35205183585313177,0.8600518358531317,0.06236559139784946,0.06823529411764706
2018,61404,141,586,513,0.3,154,11,217,0.423,4,54,70,1,10,13,127.44478021978027,13.067307692307692,10.0,0.027472527472527472,0.37521514629948366,0.7982151462994836,0.017064846416382253,0.01949317738791423
2018,62404,116,529,478,0.33299999999999996,159,20,255,0.5329999999999999,2,43,110,2,5,4,134.76668769716088,16.0454258675079,10.0,0.031545741324921134,0.39204545454545453,0.9250454545454545,0.01890359168241966,0.02092050209205021
2018,62415,144,649,576,0.299,172,9,249,0.43200000000000005,6,56,99,0,3,9,125.19004761904762,16.308333333333344,15.0,0.03571428571428571,0.36037441497659906,0.7923744149765991,0.023112480739599383,0.026041666666666668
2018,62556,139,479,425,0.294,125,11,188,0.442,5,33,95,2,11,12,129.8523048327138,14.645353159851298,17.0,0.06319702602230483,0.35654008438818563,0.7985400843881856,0.03549060542797495,0.04
2018,62700,141,517,484,0.254,123,9,176,0.364,0,28,130,0,4,7,129.3530215827338,10.019064748201437,13.0,0.046762589928057555,0.3003875968992248,0.6643875968992248,0.025145067698259187,0.026859504132231406
2018,62895,136,562,486,0.284,138,41,292,0.601,8,52,124,3,16,10,137.49107361963195,20.845705521472404,47.0,0.1441717791411043,0.3665480427046263,0.9675480427046264,0.08362989323843416,0.09670781893004116
2018,62907,115,460,411,0.324,133,5,180,0.43799999999999994,4,32,51,3,10,4,129.27333333333334,10.343710691823892,5.0,0.015723270440251572,0.38293216630196936,0.8209321663019693,0.010869565217391304,0.012165450121654502
2018,62931,125,458,420,0.28300000000000003,119,11,181,0.431,2,33,92,0,2,8,133.84224489795918,15.276870748299325,18.0,0.061224489795918366,0.33698030634573306,0.7679803063457331,0.039301310043668124,0.04285714285714286
2018,62947,144,620,556,0.318,177,23,288,0.518,5,44,131,4,15,11,136.58192513368994,14.299732620320855,40.0,0.10695187165775401,0.38064516129032255,0.8986451612903226,0.06451612903225806,0.07194244604316546
2018,63704,135,588,515,0.313,161,8,222,0.431,3,48,86,0,13,3,123.85890052356032,13.947643979057593,10.0,0.02617801047120419,0.38341968911917096,0.814419689119171,0.017006802721088437,0.019417475728155338
2018,64153,140,519,483,0.263,127,22,220,0.455,5,24,81,0,6,9,131.90294117647053,23.78235294117648,33.0,0.09243697478991597,0.3030888030888031,0.7580888030888031,0.06358381502890173,0.06832298136645963
2018,64300,129,576,511,0.28800000000000003,147,20,242,0.474,5,54,81,2,5,16,133.90611548556424,22.478477690288713,20.0,0.05249343832020997,0.3582608695652174,0.8322608695652174,0.034722222222222224,0.03913894324853229
2018,64346,134,447,423,0.293,124,13,198,0.46799999999999997,2,22,119,1,0,6,133.32000000000005,11.867826086956518,17.0,0.07391304347826087,0.32662192393736017,0.7946219239373602,0.03803131991051454,0.04018912529550828
2018,66838,124,446,421,0.252,106,27,202,0.48,3,17,108,0,4,13,133.76375438596494,16.5098245614035,29.0,0.10175438596491228,0.2853932584269663,0.7653932584269663,0.06502242152466367,0.0688836104513064
2018,67025,144,645,564,0.305,172,43,333,0.59,2,71,142,4,7,10,138.8883887468031,16.231202046035804,52.0,0.1329923273657289,0.38819875776397517,0.9781987577639751,0.08062015503875969,0.09219858156028368
2018,67304,136,473,430,0.27,116,5,158,0.36700000000000005,2,33,119,1,5,6,126.64071428571425,8.758646616541348,4.0,0.015037593984962405,0.3276595744680851,0.6946595744680851,0.008456659619450317,0.009302325581395349
2018,67450,137,597,506,0.33,167,33,306,0.605,8,65,107,0,18,17,138.99072046109504,17.890778097982707,34.0,0.09798270893371758,0.4187604690117253,1.0237604690117252,0.05695142378559464,0.06719367588932806
2018,67598,133,505,462,0.268,124,23,237,0.513,0,33,133,2,9,8,133.93130909090914,19.32472727272727,27.0,0.09818181818181818,0.32936507936507936,0.8423650793650794,0.053465346534653464,0.05844155844155844
2018,67650,131,590,513,0.31,159,20,250,0.48700000000000004,1,63,103,3,10,9,137.06941011235952,15.071348314606743,36.0,0.10112359550561797,0.39522998296422485,0.8822299829642248,0.061016949152542375,0.07017543859649122
2018,67935,142,571,501,0.257,129,26,242,0.483,3,55,144,2,12,14,136.2253726708075,22.626708074534157,40.0,0.12422360248447205,0.3432574430823117,0.8262574430823117,0.07005253940455342,0.07984031936127745
2018,68730,142,590,529,0.306,162,30,303,0.573,5,51,93,10,5,5,132.70614583333335,23.070312499999986,35.0,0.09114583333333333,0.3694915254237288,0.9424915254237287,0.059322033898305086,0.0661625708884688
2018,70410,121,471,429,0.34,146,18,223,0.52,10,23,57,5,7,15,136.97245664739876,16.546531791907512,30.0,0.08670520231213873,0.3752665245202559,0.8952665245202559,0.06369426751592357,0.06993006993006994
2018,71564,144,604,543,0.33299999999999996,181,37,322,0.593,4,43,75,7,14,18,137.24601485148517,17.323267326732672,49.0,0.12128712871287128,0.39403973509933776,0.9870397350993377,0.08112582781456953,0.09023941068139964
2018,72133,134,583,524,0.303,159,15,244,0.466,7,47,107,0,5,21,135.56594520547944,15.990410958904102,36.0,0.09863013698630137,0.36192109777015435,0.8279210977701543,0.06174957118353345,0.06870229007633588
2018,72443,143,609,528,0.33899999999999997,179,25,290,0.5489999999999999,8,66,87,7,7,17,139.3132451923076,17.101682692307705,41.0,0.0985576923076923,0.41379310344827586,0.9627931034482757,0.06732348111658457,0.07765151515151515
2018,73113,135,528,458,0.262,120,25,216,0.47200000000000003,3,58,129,2,9,16,135.40612040133774,21.669230769230772,34.0,0.11371237458193979,0.3541666666666667,0.8261666666666667,0.06439393939393939,0.07423580786026202
2018,73136,131,528,485,0.295,143,34,268,0.5529999999999999,2,35,143,3,5,9,140.66435540069676,14.215679442508707,36.0,0.1254355400696864,0.34724857685009486,0.9002485768500947,0.06818181818181818,0.07422680412371134
2018,74163,134,575,491,0.293,144,1,163,0.332,5,59,62,0,12,8,122.54758333333336,11.91694444444445,2.0,0.005555555555555556,0.37918871252204583,0.7111887125220459,0.0034782608695652175,0.004073319755600814
2018,74206,131,467,402,0.311,125,16,193,0.48,6,52,77,1,4,12,132.31199367088604,20.652215189873402,28.0,0.08860759493670886,0.3900862068965517,0.8700862068965517,0.059957173447537475,0.06965174129353234
2018,74215,132,509,460,0.276,127,19,206,0.44799999999999995,3,40,69,2,4,17,134.0930056179775,15.76685393258426,23.0,0.06460674157303371,0.33727810650887574,0.7852781065088756,0.04518664047151277,0.05
2018,74339,121,480,428,0.33899999999999997,145,20,228,0.5329999999999999,1,47,53,3,2,9,133.06772727272735,14.940340909090907,23.0,0.06534090909090909,0.40585774058577406,0.938857740585774,0.04791666666666667,0.053738317757009345
2018,74540,129,477,427,0.26899999999999996,115,22,195,0.457,7,29,96,5,14,11,137.22851724137928,15.018965517241389,26.0,0.0896551724137931,0.3312368972746331,0.7882368972746332,0.05450733752620545,0.06088992974238876
2018,75125,113,488,400,0.345,138,43,287,0.718,3,68,114,10,17,9,143.02916349809897,18.517110266159694,52.0,0.19771863117870722,0.4569672131147541,1.174967213114754,0.10655737704918032,0.13
2018,75334,123,477,401,0.27899999999999997,112,27,216,0.539,10,60,121,2,6,3,141.4007720588234,24.249632352941173,37.0,0.13602941176470587,0.3731656184486373,0.9121656184486373,0.07756813417190776,0.09226932668329177
2018,75566,128,543,479,0.301,144,20,236,0.493,5,52,103,1,7,10,130.9268787878787,21.663636363636364,26.0,0.07878787878787878,0.3738489871086556,0.8668489871086555,0.04788213627992634,0.054279749478079335
2018,76249,118,494,443,0.318,141,17,213,0.48100000000000004,6,35,68,3,8,10,134.52909090909085,16.04363636363637,33.0,0.1,0.37398373983739835,0.8549837398373984,0.06680161943319839,0.0744920993227991
2018,76267,138,590,519,0.33299999999999996,173,26,302,0.5820000000000001,10,51,89,1,10,5,140.20012376237628,19.883910891089112,45.0,0.11138613861386139,0.39661016949152544,0.9786101694915255,0.07627118644067797,0.08670520231213873
2018,76313,142,588,530,0.29600000000000004,157,25,279,0.526,3,49,120,1,4,5,132.06582901554393,25.200777202072526,38.0,0.09844559585492228,0.3583617747440273,0.8843617747440273,0.06462585034013606,0.07169811320754717
2018,76753,113,460,434,0.297,129,18,207,0.47700000000000004,4,18,93,0,4,13,135.33446428571438,13.541785714285725,27.0,0.09642857142857143,0.3282608695652174,0.8052608695652175,0.058695652173913045,0.06221198156682028
2018,76802,135,462,415,0.27699999999999997,115,4,148,0.35700000000000004,3,29,42,0,9,19,124.54835734870323,16.83458213256486,2.0,0.005763688760806916,0.3355263157894737,0.6925263157894737,0.004329004329004329,0.004819277108433735
2018,76812,130,471,407,0.32899999999999996,134,17,209,0.514,5,43,65,0,12,13,134.30088328075718,15.444794952681377,22.0,0.0694006309148265,0.40471092077087795,0.9187109207708779,0.04670912951167728,0.05405405405405406
2018,76849,120,502,447,0.302,135,4,187,0.418,1,40,64,3,3,5,126.1958024691357,7.133641975308647,11.0,0.033950617283950615,0.3625254582484725,0.7805254582484724,0.021912350597609563,0.024608501118568233
2018,77248,132,521,473,0.313,148,15,219,0.46299999999999997,2,41,119,0,2,13,134.4885714285714,12.36103896103897,22.0,0.07142857142857142,0.3687258687258687,0.8317258687258686,0.04222648752399232,0.046511627906976744
2018,77532,141,625,553,0.32899999999999996,182,26,302,0.546,1,68,99,1,2,15,137.97623931623934,10.931054131054136,36.0,0.10256410256410256,0.40384615384615385,0.9498461538461539,0.0576,0.0650994575045208
2018,77564,128,465,413,0.28300000000000003,117,10,171,0.414,5,40,80,3,6,6,132.28911949685528,20.338050314465413,17.0,0.05345911949685535,0.35129310344827586,0.7652931034482758,0.03655913978494624,0.04116222760290557
2018,78135,118,485,437,0.316,138,13,204,0.467,0,31,82,0,12,6,131.2374267100977,12.780456026058635,22.0,0.07166123778501629,0.3770833333333333,0.8440833333333333,0.04536082474226804,0.05034324942791762
2018,78603,127,492,424,0.295,125,4,158,0.373,5,48,42,1,9,10,130.09962318840573,10.772173913043474,13.0,0.03768115942028986,0.37448559670781895,0.7474855967078189,0.026422764227642278,0.030660377358490566
2018,79109,144,617,533,0.278,148,11,211,0.396,6,59,146,3,7,6,132.1733432835822,15.521194029850745,28.0,0.08358208955223881,0.3537190082644628,0.7497190082644628,0.04538087520259319,0.0525328330206379
2018,79240,133,577,516,0.324,167,10,237,0.45899999999999996,8,32,52,0,16,15,133.24896470588246,14.347058823529418,18.0,0.042352941176470586,0.3758741258741259,0.8348741258741259,0.03119584055459272,0.03488372093023256
2018,79402,122,499,453,0.263,119,10,164,0.36200000000000004,3,27,91,0,8,11,130.04111801242237,14.057763975155284,10.0,0.031055900621118012,0.3136456211812627,0.6756456211812627,0.02004008016032064,0.02207505518763797
2018,79608,130,549,494,0.342,169,23,278,0.563,9,36,57,1,10,13,135.3464832535886,16.903110047846877,22.0,0.05263157894736842,0.39162112932604737,0.9546211293260474,0.04007285974499089,0.044534412955465584
2019,61102,132,468,418,0.27,113,16,183,0.43799999999999994,6,30,82,2,13,21,139.97954716981133,18.947547169811305,29.0,0.10943396226415095,0.3340471092077088,0.7720471092077088,0.06196581196581197,0.06937799043062201
2019,61186,138,613,546,0.308,168,2,204,0.374,1,57,82,1,5,13,135.9902465753425,10.18383561643836,9.0,0.024657534246575342,0.37766830870279144,0.7516683087027914,0.01468189233278956,0.016483516483516484
2019,61353,137,513,492,0.32299999999999995,159,3,207,0.42100000000000004,2,18,89,1,1,5,135.88657232704412,12.458176100628938,11.0,0.03459119496855346,0.3469785575048733,0.7679785575048733,0.021442495126705652,0.022357723577235773
2019,61404,114,467,411,0.297,122,5,159,0.387,6,37,41,1,8,18,130.32821428571432,16.436785714285712,7.0,0.025,0.36147186147186144,0.7484718614718615,0.014989293361884369,0.0170316301703163
2019,62244,137,505,441,0.27899999999999997,123,4,172,0.39,6,41,68,1,7,5,130.3381935483871,17.635806451612908,12.0,0.03870967741935484,0.34545454545454546,0.7354545454545455,0.023762376237623763,0.027210884353741496
2019,62404,122,526,475,0.267,127,15,211,0.444,6,38,88,2,7,5,134.6349554896143,21.549258160237393,30.0,0.08902077151335312,0.3269961977186312,0.7709961977186313,0.057034220532319393,0.06315789473684211
2019,62415,144,581,506,0.239,121,5,166,0.32799999999999996,3,58,82,0,2,4,129.68123167155414,18.014076246334316,10.0,0.02932551319648094,0.3181019332161687,0.6461019332161686,0.01721170395869191,0.019762845849802372
2019,62895,125,502,427,0.265,113,12,169,0.396,0,55,100,4,20,6,138.6205902777778,17.42499999999999,17.0,0.059027777777777776,0.3745019920318725,0.7705019920318725,0.03386454183266932,0.03981264637002342
2019,62907,125,526,468,0.344,161,1,203,0.434,6,41,40,1,9,10,130.6052254641909,14.946949602122023,8.0,0.021220159151193633,0.4026717557251908,0.8366717557251908,0.015209125475285171,0.017094017094017096
2019,64004,127,521,466,0.281,131,0,143,0.307,5,32,61,0,13,8,131.9524085365853,11.003963414634137,6.0,0.018292682926829267,0.34108527131782945,0.6480852713178294,0.011516314779270634,0.012875536480686695
2019,64300,139,625,540,0.307,166,19,265,0.491,7,70,80,4,7,12,136.34413705583754,23.22690355329951,36.0,0.09137055837563451,0.3894230769230769,0.880423076923077,0.0576,0.06666666666666667
2019,64560,133,470,400,0.27,108,6,153,0.38299999999999995,5,57,92,0,4,8,130.44879120879122,19.817582417582408,15.0,0.054945054945054944,0.3626609442060086,0.7456609442060085,0.031914893617021274,0.0375
2019,64646,133,541,504,0.26,131,2,160,0.317,2,26,83,0,4,8,127.82076696165197,12.307669616519172,8.0,0.02359882005899705,0.3003731343283582,0.6173731343283582,0.014787430683918669,0.015873015873015872
2019,67025,142,578,521,0.322,168,24,276,0.53,5,49,120,5,3,4,138.68390313390302,20.202564102564104,40.0,0.11396011396011396,0.3806228373702422,0.9106228373702423,0.06920415224913495,0.07677543186180422
2019,67450,133,568,472,0.292,138,22,243,0.515,9,80,87,6,7,18,141.88709779179814,18.703470031545734,33.0,0.10410094637223975,0.3961267605633803,0.9111267605633804,0.058098591549295774,0.06991525423728813
2019,68345,139,613,525,0.305,160,28,285,0.5429999999999999,5,77,101,1,6,17,141.52501385041555,20.426038781163435,55.0,0.1523545706371191,0.3964110929853181,0.9394110929853181,0.08972267536704731,0.10476190476190476
2019,68730,124,525,476,0.284,135,18,219,0.46,5,38,90,5,5,6,133.59966257668705,23.85122699386503,30.0,0.09202453987730061,0.33969465648854963,0.7996946564885496,0.05714285714285714,0.06302521008403361
2019,68743,142,624,564,0.262,148,8,211,0.374,6,48,101,0,0,6,132.37434173669467,14.282913165266107,16.0,0.04481792717086835,0.31715210355987056,0.6911521035598706,0.02564102564102564,0.028368794326241134
2019,69209,144,645,572,0.344,197,15,276,0.483,6,61,54,4,6,16,134.40495555555552,16.885777777777776,27.0,0.06,0.40930232558139534,0.8923023255813953,0.04186046511627907,0.0472027972027972
2019,71564,135,549,485,0.285,138,16,211,0.435,7,47,65,4,10,19,136.28871866295273,17.620055710306406,34.0,0.0947075208913649,0.3551912568306011,0.7901912568306011,0.061930783242258654,0.07010309278350516
2019,71752,127,500,433,0.305,132,6,171,0.395,8,54,94,5,5,15,139.22395104895102,16.346503496503495,20.0,0.06993006993006994,0.382,0.777,0.04,0.046189376443418015
2019,71837,127,460,422,0.27,114,8,156,0.37,3,31,103,3,4,2,130.32607913669065,21.073741007194236,14.0,0.050359712230215826,0.3239130434782609,0.6939130434782609,0.030434782608695653,0.03317535545023697
2019,72443,136,555,456,0.3,137,17,221,0.485,7,85,77,6,7,13,140.97331428571422,19.463714285714303,43.0,0.12285714285714286,0.4126126126126126,0.8976126126126126,0.07747747747747748,0.09429824561403509
2019,73113,137,490,421,0.247,104,10,158,0.375,6,55,102,1,4,14,134.87728813559312,21.765084745762714,24.0,0.08135593220338982,0.33539094650205764,0.7103909465020577,0.04897959183673469,0.057007125890736345
2019,73136,129,476,414,0.256,106,21,192,0.46399999999999997,4,48,114,1,9,7,138.81607142857135,16.492063492063497,32.0,0.12698412698412698,0.3431578947368421,0.8071578947368421,0.06722689075630252,0.07729468599033816
2019,74206,130,470,377,0.268,101,4,135,0.358,11,67,58,3,7,10,130.1211945392492,22.031740614334485,18.0,0.06143344709897611,0.3787878787878788,0.7367878787878788,0.03829787234042553,0.04774535809018567
2019,74339,139,562,501,0.317,159,14,222,0.44299999999999995,5,52,61,1,4,20,135.80058974358974,15.309230769230771,22.0,0.05641025641025641,0.38256227758007116,0.8255622775800711,0.03914590747330961,0.043912175648702596
2019,75125,122,532,432,0.28,121,33,242,0.56,9,78,117,5,13,7,141.67058823529413,22.762629757785472,42.0,0.1453287197231834,0.39849624060150374,0.9584962406015038,0.07894736842105263,0.09722222222222222
2019,75334,130,529,467,0.293,137,21,231,0.495,4,55,99,1,3,5,140.31585798816573,23.69615384615385,43.0,0.12721893491124261,0.3686200378071834,0.8636200378071834,0.08128544423440454,0.09207708779443255
2019,75566,111,455,395,0.24600000000000002,97,19,174,0.441,7,43,73,0,8,10,133.90289752650173,23.73109540636044,20.0,0.0706713780918728,0.32671081677704195,0.7677108167770419,0.04395604395604396,0.05063291139240506
2019,76313,124,507,448,0.28300000000000003,127,20,209,0.467,5,52,71,2,2,10,133.21413994169086,21.0206997084548,27.0,0.07871720116618076,0.35700197238658776,0.8240019723865878,0.05325443786982249,0.060267857142857144
2019,76753,122,486,454,0.264,120,7,162,0.35700000000000004,5,21,91,0,3,18,138.33215053763436,14.405017921146952,22.0,0.07885304659498207,0.2981366459627329,0.655136645962733,0.04526748971193416,0.048458149779735685
2019,76802,144,472,426,0.24600000000000002,105,1,128,0.3,3,33,43,0,2,15,126.77868656716412,16.400597014925374,3.0,0.008955223880597015,0.3017241379310345,0.6017241379310345,0.006355932203389831,0.007042253521126761
2019,76812,139,502,451,0.268,121,12,176,0.39,7,34,59,2,9,16,133.86089635854339,16.7201680672269,24.0,0.06722689075630252,0.3273453093812375,0.7173453093812375,0.04780876494023904,0.05321507760532151
2019,76849,139,547,484,0.293,142,2,171,0.353,4,48,66,2,4,12,129.568643533123,13.914826498422716,4.0,0.012618296529968454,0.3592592592592593,0.7122592592592593,0.007312614259597806,0.008264462809917356
2019,77532,134,568,512,0.295,151,10,205,0.4,2,52,92,1,1,6,135.23350000000008,14.955999999999998,22.0,0.07333333333333333,0.35978835978835977,0.7597883597883598,0.03873239436619718,0.04296875
2019,78135,120,482,419,0.28600000000000003,120,13,185,0.442,10,42,78,1,10,9,134.60460264900655,18.27119205298011,28.0,0.09271523178807947,0.3575883575883576,0.7995883575883576,0.058091286307053944,0.06682577565632458
2019,78168,113,486,426,0.3,128,2,163,0.38299999999999995,5,49,50,1,3,5,132.33594155844162,15.589935064935073,6.0,0.01948051948051948,0.37267080745341613,0.7556708074534161,0.012345679012345678,0.014084507042253521
2019,78288,135,451,373,0.29,108,3,135,0.36200000000000004,4,56,61,0,14,9,135.3601632653061,14.381632653061232,14.0,0.05714285714285714,0.3982102908277405,0.7602102908277406,0.031042128603104215,0.03753351206434316
2019,78603,121,447,394,0.292,115,3,146,0.371,4,43,26,0,1,7,131.99154340836017,15.31768488745981,7.0,0.022508038585209004,0.3597285067873303,0.7307285067873304,0.015659955257270694,0.017766497461928935
2019,78756,122,453,392,0.22399999999999998,88,3,113,0.28800000000000003,3,38,72,0,10,8,129.19079999999997,16.454000000000004,10.0,0.04,0.30699774266365687,0.5949977426636569,0.02207505518763797,0.025510204081632654
2019,79109,134,547,473,0.252,119,9,179,0.37799999999999995,3,57,113,1,7,7,139.77134228187919,16.943624161073828,31.0,0.1040268456375839,0.3388888888888889,0.7168888888888889,0.056672760511883,0.06553911205073996
2019,79231,123,513,441,0.265,117,0,146,0.331,5,57,60,0,6,6,132.63567398119127,15.054231974921633,9.0,0.02821316614420063,0.35363457760314343,0.6846345776031435,0.017543859649122806,0.02040816326530612
2019,79240,133,540,475,0.28800000000000003,137,4,176,0.371,11,34,36,2,17,16,134.58989717223648,15.957326478149115,9.0,0.02313624678663239,0.3500931098696462,0.7210931098696463,0.016666666666666666,0.018947368421052633
2019,79402,129,543,468,0.271,127,5,166,0.355,4,50,67,1,15,14,130.88643292682931,15.964329268292678,9.0,0.027439024390243903,0.3575418994413408,0.7125418994413408,0.016574585635359115,0.019230769230769232
2020,50165,117,494,431,0.278,120,38,255,0.5920000000000001,4,55,136,5,4,7,144.71131386861313,23.547445255474464,56.0,0.20437956204379562,0.3623481781376518,0.9543481781376519,0.11336032388663968,0.12993039443155452
2020,50506,144,560,486,0.28,136,12,205,0.42200000000000004,8,54,60,2,8,20,133.27181818181828,18.50545454545454,14.0,0.03636363636363636,0.35611510791366907,0.7781151079136691,0.025,0.02880658436213992
2020,50854,127,520,466,0.258,120,1,152,0.326,3,38,80,0,5,4,131.1095238095238,17.505442176870726,4.0,0.013605442176870748,0.318359375,0.6443593750000001,0.007692307692307693,0.008583690987124463
2020,50923,136,546,482,0.278,134,31,261,0.541,6,46,149,3,12,10,139.37339743589752,21.933333333333348,44.0,0.14102564102564102,0.3516483516483517,0.8926483516483517,0.08058608058608059,0.0912863070539419
2020,60523,111,476,410,0.295,121,11,175,0.42700000000000005,4,56,85,0,4,8,134.7873103448276,19.224137931034477,16.0,0.05517241379310345,0.3818565400843882,0.8088565400843882,0.03361344537815126,0.03902439024390244
2020,61102,137,478,429,0.261,112,16,178,0.415,2,32,84,1,13,18,137.81349315068493,20.542123287671238,24.0,0.0821917808219178,0.32983193277310924,0.7448319327731092,0.0502092050209205,0.055944055944055944
2020,62265,126,456,391,0.24600000000000002,96,8,143,0.366,4,53,80,1,6,14,136.7022846441947,19.74157303370787,28.0,0.10486891385767791,0.34140969162995594,0.7074096916299559,0.06140350877192982,0.07161125319693094
2020,62404,118,510,446,0.307,137,15,213,0.478,4,51,91,3,8,4,132.8319504643962,20.995665634674925,20.0,0.06191950464396285,0.3850687622789784,0.8630687622789783,0.0392156862745098,0.04484304932735426
2020,62415,132,541,489,0.29,142,11,203,0.415,3,39,77,1,3,7,128.35353260869576,18.730706521739144,16.0,0.043478260869565216,0.3445692883895131,0.7595692883895131,0.029574861367837338,0.032719836400818
2020,62907,126,530,467,0.345,161,8,222,0.475,10,36,48,2,15,12,133.53067885117497,15.183812010443859,12.0,0.031331592689295036,0.4015151515151515,0.8765151515151515,0.022641509433962263,0.02569593147751606
2020,62931,132,484,427,0.27399999999999997,117,20,205,0.48,0,49,106,3,5,8,135.64196491228054,21.603508771929828,26.0,0.0912280701754386,0.35550935550935553,0.8355093555093556,0.05371900826446281,0.06088992974238876
2020,62947,130,584,525,0.324,170,34,313,0.596,1,49,148,2,9,6,141.8592492492492,18.600000000000016,41.0,0.12312312312312312,0.3904109589041096,0.9864109589041096,0.0702054794520548,0.07809523809523809
2020,64006,144,535,476,0.235,112,3,143,0.3,4,37,98,0,2,7,126.90207792207798,18.849025974025984,6.0,0.01948051948051948,0.2909441233140655,0.5909441233140655,0.011214953271028037,0.012605042016806723
2020,64166,144,615,533,0.289,154,13,224,0.42,4,68,142,0,5,9,132.8431195335276,17.694752186588932,20.0,0.05830903790087463,0.3721311475409836,0.7921311475409836,0.032520325203252036,0.0375234521575985
2020,64300,138,622,533,0.306,163,30,279,0.523,3,75,68,3,8,12,138.3300722891567,22.484819277108453,38.0,0.09156626506024096,0.3974151857835218,0.9204151857835219,0.06109324758842444,0.07129455909943715
2020,64646,141,531,480,0.223,107,3,132,0.275,3,36,87,0,0,14,128.7093957703927,15.624169184290015,10.0,0.030211480362537766,0.27552986512524086,0.5505298651252408,0.018832391713747645,0.020833333333333332
2020,64868,132,482,409,0.29600000000000004,121,0,136,0.33299999999999996,2,64,83,1,2,6,129.3210266159696,11.70722433460077,0.0,0.0,0.3920335429769392,0.7250335429769392,0.0,0.0
2020,66108,135,507,408,0.27899999999999997,114,5,170,0.41700000000000004,3,83,87,1,10,8,141.11025179856117,14.518705035971212,18.0,0.06474820143884892,0.4107142857142857,0.8277142857142857,0.03550295857988166,0.04411764705882353
2020,66838,115,451,413,0.312,129,20,210,0.508,4,29,79,0,4,14,136.3686013986015,18.676223776223782,21.0,0.07342657342657342,0.36,0.868,0.04656319290465632,0.05084745762711865
2020,67025,142,628,550,0.349,192,47,374,0.68,8,65,132,5,5,11,145.12887755102057,19.655612244897963,66.0,0.1683673469387755,0.4171974522292994,1.0971974522292993,0.10509554140127389,0.12
2020,67304,142,553,499,0.285,142,7,199,0.39899999999999997,4,46,94,0,2,6,133.80907185628746,14.350598802395199,18.0,0.05389221556886228,0.3448275862068966,0.7438275862068966,0.0325497287522604,0.036072144288577156
2020,68525,135,531,461,0.278,128,17,201,0.436,3,57,97,0,5,15,142.05713355048857,14.26156351791531,25.0,0.08143322475570032,0.3612167300380228,0.7972167300380228,0.047080979284369114,0.05422993492407809
2020,69209,144,668,586,0.34,199,21,291,0.49700000000000005,11,58,42,1,13,26,137.2171966527196,14.933054393305447,30.0,0.06276150627615062,0.4041916167664671,0.9011916167664671,0.04491017964071856,0.051194539249146756
2020,69652,142,631,542,0.306,166,32,302,0.557,4,76,67,3,9,12,139.96493827160492,24.305925925925933,36.0,0.08888888888888889,0.3977812995245642,0.9547812995245643,0.05705229793977813,0.06642066420664207
2020,71564,144,611,542,0.292,158,20,245,0.452,11,53,68,9,5,21,137.60665903890163,16.50366132723111,33.0,0.07551487414187644,0.353518821603928,0.805518821603928,0.054009819967266774,0.06088560885608856
2020,72443,140,600,522,0.354,185,28,308,0.59,3,70,101,5,5,9,141.84023498694506,18.073890339425564,42.0,0.10966057441253264,0.43333333333333335,1.0233333333333334,0.07,0.08045977011494253
2020,74163,120,487,419,0.28600000000000003,120,1,141,0.337,1,59,36,0,6,9,125.25933962264158,16.155031446540875,1.0,0.0031446540880503146,0.38144329896907214,0.7184432989690721,0.002053388090349076,0.002386634844868735
2020,74206,120,458,402,0.289,116,2,139,0.34600000000000003,5,45,45,1,4,17,131.32625786163518,17.17515723270439,10.0,0.031446540880503145,0.3618421052631579,0.7078421052631579,0.021834061135371178,0.024875621890547265
2020,74465,123,448,356,0.306,109,14,166,0.466,4,75,62,2,10,11,136.23363281249993,16.765625000000004,19.0,0.07421875,0.43595505617977526,0.9019550561797753,0.04241071428571429,0.05337078651685393
2020,75334,127,534,471,0.312,147,16,227,0.48200000000000004,2,61,92,1,0,12,140.0920771513353,19.546884272997037,36.0,0.10682492581602374,0.3895131086142322,0.8715131086142323,0.06741573033707865,0.07643312101910828
2020,75566,121,467,403,0.268,108,13,164,0.40700000000000003,12,49,82,1,2,7,130.6424675324676,23.170779220779227,15.0,0.048701298701298704,0.34120171673819744,0.7482017167381975,0.032119914346895075,0.03722084367245657
2020,76267,140,574,509,0.306,156,16,241,0.473,10,47,66,5,7,7,138.38261845386538,22.890773067331686,28.0,0.06982543640897755,0.36649214659685864,0.8394921465968586,0.04878048780487805,0.0550098231827112
2020,76313,134,600,541,0.312,169,21,277,0.512,4,47,98,0,5,12,135.3825495049505,21.755445544554444,28.0,0.06930693069306931,0.37018425460636517,0.8821842546063652,0.04666666666666667,0.051756007393715345
2020,76849,136,540,477,0.306,146,2,176,0.369,4,50,78,0,4,6,131.89196875,13.785624999999996,6.0,0.01875,0.37383177570093457,0.7428317757009346,0.011111111111111112,0.012578616352201259
2020,77532,141,611,540,0.35200000000000004,190,11,266,0.493,7,61,56,4,2,9,137.10599483204138,14.703359173126612,18.0,0.046511627906976744,0.41475409836065574,0.9077540983606558,0.029459901800327332,0.03333333333333333
2020,78168,135,595,484,0.27699999999999997,134,5,187,0.386,10,91,58,1,5,8,134.31551630434782,16.479619565217373,15.0,0.04076086956521739,0.3898305084745763,0.7758305084745762,0.025210084033613446,0.030991735537190084
2020,78548,130,455,400,0.278,111,13,165,0.413,6,38,64,0,1,15,135.09795379537948,17.60099009900989,21.0,0.06930693069306931,0.33707865168539325,0.7500786516853932,0.046153846153846156,0.0525
2020,78629,137,556,468,0.29100000000000004,136,17,208,0.444,6,64,114,1,18,6,134.86613496932523,25.588957055214717,29.0,0.08895705521472393,0.3920863309352518,0.8360863309352518,0.052158273381294966,0.06196581196581197
2020,79109,141,591,527,0.3,158,10,243,0.461,5,45,116,1,9,4,140.04564102564112,18.6846153846154,32.0,0.09116809116809117,0.36177474402730375,0.8227747440273038,0.05414551607445008,0.06072106261859583
2020,79231,141,559,490,0.298,146,5,194,0.396,5,55,56,3,2,10,135.6844476744186,14.642151162790704,13.0,0.0377906976744186,0.3677536231884058,0.7637536231884059,0.023255813953488372,0.026530612244897958
2020,79240,117,487,437,0.332,145,7,193,0.442,7,35,28,2,5,10,133.97150568181823,16.710227272727288,8.0,0.022727272727272728,0.3822314049586777,0.8242314049586776,0.01642710472279261,0.018306636155606407
2020,79402,120,471,404,0.304,123,5,162,0.401,2,55,55,1,8,16,133.1961764705882,14.230718954248363,13.0,0.042483660130718956,0.39658848614072495,0.797588486140725,0.027600849256900213,0.03217821782178218
2020,79608,124,460,412,0.28600000000000003,118,8,170,0.413,2,35,47,2,7,11,133.76619047619042,20.51111111111111,12.0,0.0380952380952381,0.3508771929824561,0.7638771929824562,0.02608695652173913,0.02912621359223301
2021,50165,51,205,185,0.243,45,8,78,0.42200000000000004,0,18,43,0,2,2,139.5572180451128,25.055639097744358,19.0,0.14285714285714285,0.3170731707317073,0.7390731707317073,0.09268292682926829,0.10270270270270271
2021,50458,68,196,172,0.267,46,1,54,0.314,3,13,21,0,0,0,120.53682926829266,12.13821138211382,0.0,0.0,0.31382978723404253,0.6278297872340426,0.0,0.0
2021,50506,68,274,231,0.27699999999999997,64,4,90,0.39,5,37,34,1,1,5,132.27158469945346,17.133333333333336,8.0,0.04371584699453552,0.3722627737226277,0.7622627737226277,0.029197080291970802,0.03463203463203463
2021,50854,72,290,240,0.263,63,4,89,0.371,3,38,34,0,5,4,134.75236686390528,21.381065088757396,6.0,0.03550295857988166,0.3706293706293706,0.7416293706293706,0.020689655172413793,0.025
2021,50923,73,291,257,0.28,72,18,137,0.5329999999999999,3,24,81,1,7,3,142.95737499999998,23.221875,21.0,0.13125,0.3539518900343643,0.8869518900343643,0.07216494845360824,0.08171206225680934
2021,51004,60,250,225,0.271,61,7,91,0.40399999999999997,2,22,50,0,1,9,140.85735483870968,18.327741935483868,17.0,0.10967741935483871,0.336,0.74,0.068,0.07555555555555556
2021,51463,80,361,324,0.312,101,20,177,0.546,2,30,45,1,5,3,138.56126016260157,18.48170731707316,21.0,0.08536585365853659,0.3767313019390582,0.9227313019390582,0.05817174515235457,0.06481481481481481
2021,51725,67,268,249,0.257,64,7,98,0.39399999999999996,1,16,58,0,2,6,132.3931034482759,19.459195402298846,7.0,0.040229885057471264,0.30597014925373134,0.6999701492537314,0.026119402985074626,0.028112449799196786
2021,51817,75,319,251,0.255,64,13,114,0.45399999999999996,3,56,69,1,9,6,144.45089743589747,18.665384615384614,19.0,0.12179487179487179,0.4043887147335423,0.8583887147335423,0.05956112852664577,0.07569721115537849
2021,60523,71,316,279,0.33299999999999996,93,9,136,0.48700000000000004,1,34,45,2,1,3,133.5685784313726,17.908823529411766,13.0,0.06372549019607843,0.40634920634920635,0.8933492063492063,0.04113924050632911,0.04659498207885305
2021,61102,69,247,221,0.253,56,5,81,0.36700000000000005,2,16,36,0,7,7,139.24643835616442,17.439726027397256,14.0,0.0958904109589041,0.32113821138211385,0.688138211382114,0.05668016194331984,0.06334841628959276
2021,61186,59,195,167,0.21600000000000003,36,2,49,0.293,1,23,22,0,3,10,134.15722222222226,11.086507936507937,4.0,0.031746031746031744,0.31958762886597936,0.6125876288659793,0.020512820512820513,0.023952095808383235
2021,61404,67,190,167,0.305,51,3,68,0.40700000000000003,1,17,19,0,4,6,135.09775862068966,11.72068965517241,3.0,0.02586206896551724,0.38095238095238093,0.787952380952381,0.015789473684210527,0.017964071856287425
2021,62404,76,336,296,0.28,83,11,139,0.47,7,30,55,2,2,6,136.95656108597277,19.512217194570127,13.0,0.058823529411764705,0.34328358208955223,0.8132835820895522,0.03869047619047619,0.04391891891891892
2021,62415,77,327,275,0.302,83,4,111,0.40399999999999997,4,38,46,2,2,0,128.07190243902443,16.366341463414635,6.0,0.02926829268292683,0.38557993730407525,0.7895799373040753,0.01834862385321101,0.02181818181818182
2021,62700,75,324,287,0.282,81,4,116,0.40399999999999997,0,31,74,0,5,3,128.27194285714285,14.494285714285727,9.0,0.05142857142857143,0.3622291021671827,0.7662291021671827,0.027777777777777776,0.0313588850174216
2021,62895,73,284,238,0.261,62,13,113,0.475,4,32,60,2,9,5,139.93503311258277,19.8158940397351,13.0,0.08609271523178808,0.36395759717314485,0.8389575971731449,0.045774647887323945,0.0546218487394958
2021,62907,50,215,180,0.261,47,1,61,0.33899999999999997,2,22,23,0,7,4,130.7182014388489,14.151079136690642,0.0,0.0,0.36018957345971564,0.6991895734597156,0.0,0.0
2021,62925,55,209,183,0.262,48,4,72,0.39299999999999996,1,18,33,1,6,8,130.70492424242428,21.688636363636363,4.0,0.030303030303030304,0.34615384615384615,0.739153846153846,0.019138755980861243,0.02185792349726776
2021,62931,66,245,207,0.324,67,6,97,0.469,2,30,58,0,3,2,138.9220588235294,17.666176470588233,10.0,0.07352941176470588,0.4132231404958678,0.8822231404958678,0.04081632653061224,0.04830917874396135
2021,62947,74,338,303,0.29,88,17,157,0.518,2,23,68,2,10,4,142.23872641509433,17.69669811320754,31.0,0.14622641509433962,0.35798816568047337,0.8759881656804733,0.09171597633136094,0.10231023102310231
2021,63257,70,251,200,0.275,55,5,82,0.41,2,44,36,0,1,7,137.6065034965035,18.618881118881124,7.0,0.04895104895104895,0.4048582995951417,0.8148582995951417,0.027888446215139442,0.035
2021,64006,74,243,218,0.271,59,4,88,0.40399999999999997,3,16,38,0,3,0,125.83269938650302,25.490184049079758,1.0,0.006134969325153374,0.325,0.729,0.00411522633744856,0.0045871559633027525
2021,64153,74,311,279,0.28,78,16,139,0.498,3,27,73,0,2,7,132.35918367346932,27.280102040816317,16.0,0.08163265306122448,0.3440514469453376,0.8420514469453376,0.05144694533762058,0.05734767025089606
2021,64166,75,316,270,0.278,75,5,107,0.396,3,37,62,1,4,5,130.0073888888889,18.518333333333338,9.0,0.05,0.36942675159235666,0.7654267515923567,0.028481012658227847,0.03333333333333333
2021,64646,63,242,211,0.251,53,1,69,0.327,3,24,39,0,0,3,128.71705479452064,13.880821917808221,4.0,0.0273972602739726,0.3235294117647059,0.6505294117647059,0.01652892561983471,0.018957345971563982
2021,64868,74,302,243,0.255,62,0,71,0.292,3,52,40,0,2,4,129.90893491124268,12.430769230769245,0.0,0.0,0.38666666666666666,0.6786666666666666,0.0,0.0
2021,64984,53,230,210,0.305,64,0,75,0.35700000000000004,1,15,31,1,0,3,126.14850649350646,13.578571428571427,2.0,0.012987012987012988,0.3495575221238938,0.7065575221238938,0.008695652173913044,0.009523809523809525
2021,65362,69,282,250,0.29600000000000004,74,3,104,0.41600000000000004,1,28,49,1,2,4,133.5187931034483,14.65057471264368,12.0,0.06896551724137931,0.3701067615658363,0.7861067615658364,0.0425531914893617,0.048
2021,65898,55,195,162,0.247,40,4,62,0.38299999999999995,2,24,51,1,6,1,138.09711340206186,19.07319587628867,8.0,0.08247422680412371,0.36082474226804123,0.7438247422680412,0.041025641025641026,0.04938271604938271
2021,66108,75,341,269,0.33799999999999997,91,3,118,0.439,1,61,44,2,10,4,141.06113402061857,10.314432989690717,13.0,0.06701030927835051,0.4750733137829912,0.9140733137829913,0.03812316715542522,0.048327137546468404
2021,66606,73,345,305,0.302,92,1,119,0.39,3,29,35,0,5,1,128.90780701754386,14.88333333333333,2.0,0.008771929824561403,0.3684210526315789,0.7584210526315789,0.005797101449275362,0.006557377049180328
2021,67304,80,366,323,0.294,95,3,119,0.368,5,38,60,1,0,3,132.4153744493391,12.981497797356827,8.0,0.03524229074889868,0.3633879781420765,0.7313879781420765,0.02185792349726776,0.02476780185758514
2021,67893,72,217,188,0.27699999999999997,52,1,67,0.35600000000000004,0,21,33,0,1,1,131.92465116279075,15.120930232558141,5.0,0.03875968992248062,0.3523809523809524,0.7083809523809524,0.02304147465437788,0.026595744680851064
2021,68525,63,259,221,0.24,53,10,92,0.41600000000000004,0,35,57,1,2,13,146.01773437500006,15.42421875,17.0,0.1328125,0.3488372093023256,0.7648372093023257,0.06563706563706563,0.07692307692307693
2021,68743,79,348,281,0.302,85,4,121,0.431,0,65,57,1,0,6,132.05559405940593,14.757920792079211,7.0,0.034653465346534656,0.43352601156069365,0.8645260115606936,0.020114942528735632,0.02491103202846975
2021,69209,71,319,272,0.331,90,10,130,0.478,5,39,19,2,3,12,136.74573333333328,16.04622222222222,15.0,0.06666666666666667,0.41379310344827586,0.8917931034482758,0.047021943573667714,0.05514705882352941
2021,69652,66,297,256,0.24600000000000002,63,5,93,0.363,1,36,34,1,4,8,139.84005102040814,22.579081632653057,9.0,0.04591836734693878,0.3468013468013468,0.7098013468013468,0.030303030303030304,0.03515625
2021,69737,76,321,274,0.263,72,13,121,0.442,2,45,82,5,0,10,136.2059259259259,15.438888888888888,17.0,0.10493827160493827,0.3644859813084112,0.8064859813084112,0.0529595015576324,0.06204379562043796
2021,71564,51,218,196,0.29100000000000004,57,10,91,0.46399999999999997,2,19,22,2,1,7,135.0739354838709,17.686451612903216,11.0,0.07096774193548387,0.3532110091743119,0.8172110091743119,0.05045871559633028,0.05612244897959184
2021,74163,75,299,245,0.28600000000000003,70,0,90,0.36700000000000005,2,45,30,1,3,1,125.71866666666656,14.858333333333333,0.0,0.0,0.4,0.7670000000000001,0.0,0.0
2021,74465,59,205,171,0.257,44,10,82,0.48,2,27,43,1,2,8,139.04414414414416,17.381981981981976,13.0,0.11711711711711711,0.3613861386138614,0.8413861386138614,0.06341463414634146,0.07602339181286549
2021,74540,70,270,241,0.324,78,11,122,0.506,4,23,31,3,2,7,135.65964912280694,17.418713450292387,10.0,0.05847953216374269,0.3814814814814815,0.8874814814814815,0.037037037037037035,0.04149377593360996
2021,75125,60,264,219,0.228,50,10,93,0.425,5,31,69,1,9,4,140.6320740740741,22.761481481481468,12.0,0.08888888888888889,0.3409090909090909,0.7659090909090909,0.045454545454545456,0.0547945205479452
2021,75334,59,239,210,0.276,58,12,106,0.505,3,26,58,4,0,3,138.69450000000006,19.41428571428571,14.0,0.1,0.3514644351464435,0.8564644351464434,0.058577405857740586,0.06666666666666667
2021,75566,71,259,217,0.263,57,7,92,0.424,5,31,41,0,6,6,129.79452380952395,25.185714285714273,7.0,0.041666666666666664,0.36293436293436293,0.7869343629343629,0.02702702702702703,0.03225806451612903
2021,76267,60,236,205,0.254,52,10,90,0.439,1,23,40,2,7,3,137.96292207792212,23.063636363636366,12.0,0.07792207792207792,0.3474576271186441,0.7864576271186441,0.05084745762711865,0.05853658536585366
2021,76313,48,207,184,0.315,58,7,87,0.473,0,22,35,0,1,5,137.78984126984122,20.45714285714286,7.0,0.05555555555555555,0.391304347826087,0.864304347826087,0.033816425120772944,0.03804347826086957
2021,76812,72,216,192,0.297,57,3,79,0.41100000000000003,0,20,30,2,2,6,130.25510489510498,22.93706293706294,6.0,0.04195804195804196,0.3691588785046729,0.7801588785046729,0.027777777777777776,0.03125
2021,76849,56,232,191,0.293,56,2,74,0.387,0,37,27,0,1,2,132.94869230769226,12.865384615384615,2.0,0.015384615384615385,0.4104803493449782,0.7974803493449782,0.008620689655172414,0.010471204188481676
2021,77532,75,342,302,0.315,95,1,112,0.371,0,38,38,2,1,7,136.31178217821787,11.858910891089112,5.0,0.024752475247524754,0.39296187683284456,0.7639618768328446,0.014619883040935672,0.016556291390728478
2021,77564,71,264,221,0.19899999999999998,44,5,70,0.317,3,29,41,1,5,5,134.05170588235296,21.329999999999995,12.0,0.07058823529411765,0.3023255813953488,0.6193255813953489,0.045454545454545456,0.05429864253393665
2021,78168,76,333,278,0.259,72,4,98,0.353,3,45,44,2,6,9,133.92030150753772,16.85628140703517,8.0,0.04020100502512563,0.3704819277108434,0.7234819277108433,0.024024024024024024,0.02877697841726619
2021,78288,63,243,195,0.226,44,4,63,0.32299999999999995,0,39,37,1,5,8,131.39643939393935,16.4310606060606,3.0,0.022727272727272728,0.3682008368200837,0.6912008368200837,0.012345679012345678,0.015384615384615385
2021,78548,61,231,195,0.23600000000000002,46,9,80,0.41,1,28,31,3,2,11,134.77623287671233,17.210273972602742,14.0,0.0958904109589041,0.336283185840708,0.746283185840708,0.06060606060606061,0.07179487179487179
2021,78603,69,307,271,0.295,80,2,103,0.38,2,33,22,1,0,7,132.91668316831678,12.50148514851486,2.0,0.009900990099009901,0.369281045751634,0.749281045751634,0.006514657980456026,0.007380073800738007
2021,79109,66,276,236,0.237,56,5,83,0.35200000000000004,3,31,42,0,4,5,139.4945402298851,17.78275862068964,10.0,0.05747126436781609,0.33211678832116787,0.6841167883211678,0.036231884057971016,0.0423728813559322
2021,79150,70,207,177,0.23199999999999998,41,3,58,0.32799999999999996,0,23,32,0,0,4,130.83564516129033,15.205645161290326,5.0,0.04032258064516129,0.32,0.6479999999999999,0.024154589371980676,0.02824858757062147
2021,79240,69,301,279,0.32299999999999995,90,4,122,0.43700000000000006,1,18,19,1,3,12,133.9925221238937,11.815929203539815,4.0,0.017699115044247787,0.3687707641196013,0.8057707641196014,0.013289036544850499,0.014336917562724014
2021,79365,73,261,219,0.265,58,16,117,0.534,1,32,69,0,6,5,138.12280303030306,18.375000000000004,16.0,0.12121212121212122,0.37209302325581395,0.906093023255814,0.06130268199233716,0.0730593607305936
2021,79402,70,278,237,0.21100000000000002,50,1,61,0.257,0,30,26,0,3,7,132.97554285714295,16.495428571428565,2.0,0.011428571428571429,0.3074074074074074,0.5644074074074075,0.007194244604316547,0.008438818565400843
2021,79608,55,246,212,0.325,69,5,102,0.48100000000000004,5,26,32,1,0,5,137.1821686746988,15.545783132530127,5.0,0.030120481927710843,0.39094650205761317,0.8719465020576131,0.02032520325203252,0.02358490566037736
